num	title	query	overlap	readme_overlap	score	repo	url	description	strict_reasons	readme_reasons	title_hits	readme_url
35	MaMPF: Encrypted Traffic Classification Based on Multi-Attribute Markov Probability Fingerprints	MaMPF	1.00	0.00	113	WSPTTH/MaMPF	https://github.com/WSPTTH/MaMPF	Code for “MaMPF: Encrypted Traffic Classification Based on Multi-Attribute Markov Probability Fingerprints”	title_overlap_1.00_method_match		mampf,attribute,markov,probability,fingerprints	
43	FS-Net: A Flow Sequence Network For Encrypted Traffic Classification	FS-Net	1.00	0.00	113	WSPTTH/FS-Net	https://github.com/WSPTTH/FS-Net	Code for “FS-Net: A Flow Sequence Network For Encrypted Traffic Classification”	title_overlap_1.00_method_match		flow,sequence	
43	FS-Net: A Flow Sequence Network For Encrypted Traffic Classification	FS-Net	1.00	0.00	108	Akrusher/Fs-net	https://github.com/Akrusher/Fs-net	FS-Net: A Flow Sequence Network For Encrypted Traffic Classification	title_overlap_1.00_method_match		flow,sequence	
44	MIRAGE: Mobile-app Traffic Capture and Ground-truth Creation	MIRAGE	0.00	0.50	100	gzxiong/MIRAGE	https://github.com/gzxiong/MIRAGE	Official repository of the MIRAGE benchmark		partial_readme_title_overlap_0.50	mirage,ground,truth	https://raw.githubusercontent.com/gzxiong/MIRAGE/HEAD/README.md
74	CBD: A Deep-Learning-Based Scheme for Encrypted Traffic Classification with a General Pre-Training Method	CBD	0.00	0.67	100	zaixizhang/CBD	https://github.com/zaixizhang/CBD	Official Inplementation of CVPR23 paper "Backdoor Defense via Deconfounded Representation Learning"		readme_title_overlap_0.67	scheme,training	https://raw.githubusercontent.com/zaixizhang/CBD/HEAD/README.md
88	Open-CyKG: An Open Cyber Threat Intelligence Knowledge Graph	Open-CyKG	0.00	1.00	100	IS5882/Open-CyKG	https://github.com/IS5882/Open-CyKG			doi_in_readme;title_string_in_readme;readme_title_overlap_1.00	open,cykg,open,cyber,threat,intelligence,knowledge	https://raw.githubusercontent.com/IS5882/Open-CyKG/HEAD/README.md
90	SPPNet: An Approach For Real-Time Encrypted Traffic Classification Using Deep Learning	SPPNet	0.00	0.50	100	mmmmmmiracle/SPPNet	https://github.com/mmmmmmiracle/SPPNet	PyTorch for classification《 Spatial Pyramid Pooling in Deep Convolutional Networks for Visual Recognition》		partial_readme_title_overlap_0.50	sppnet	https://raw.githubusercontent.com/mmmmmmiracle/SPPNet/HEAD/README.md
102	E-GraphSAGE: A Graph Neural Network based Intrusion Detection System for IoT	E-GraphSAGE	1.00	0.00	113	waimorris/E-GraphSAGE	https://github.com/waimorris/E-GraphSAGE	A PyTorch implementation of of E-GraphSAGE.	title_overlap_1.00_method_match		graphsage	
102	E-GraphSAGE: A Graph Neural Network based Intrusion Detection System for IoT	E-GraphSAGE	1.00	0.00	97	George730/E-ResGAT	https://github.com/George730/E-ResGAT	The pytorch implementation of E-GraphSAGE and E-ResGAT, two solutions for intrusion detection.	title_overlap_1.00_method_match		graphsage	
124	CICIoT2023: A Real-Time Dataset and Benchmark for Large-Scale Attacks in IoT Environment	CICIoT2023	0.00	1.00	100	Jaquelinedops/CICIoT2023	https://github.com/Jaquelinedops/CICIoT2023	Machine Learning studying on CICIoT2023		title_string_in_readme;readme_title_overlap_1.00	ciciot2023,real,dataset,benchmark,large,scale,attacks,environment	https://raw.githubusercontent.com/Jaquelinedops/CICIoT2023/HEAD/README.md
124	CICIoT2023: A Real-Time Dataset and Benchmark for Large-Scale Attacks in IoT Environment	CICIoT2023	0.00	1.00	100	plumpmonkey/CICIoT2023	https://github.com/plumpmonkey/CICIoT2023			title_string_in_readme;readme_title_overlap_1.00	ciciot2023,real,dataset,benchmark,large,scale,attacks,environment	https://raw.githubusercontent.com/plumpmonkey/CICIoT2023/HEAD/README.md
124	CICIoT2023: A Real-Time Dataset and Benchmark for Large-Scale Attacks in IoT Environment	CICIoT2023	0.88	0.00	108	moriwam01/CICIoT2023	https://github.com/moriwam01/CICIoT2023	CICIoT2023 is a comprehensive real-time dataset and benchmark designed to assess large-scale attacks within the IoT ecosystem.	title_overlap_0.88_method_match		ciciot2023,real,dataset,benchmark,large,scale,attacks	
124	CICIoT2023: A Real-Time Dataset and Benchmark for Large-Scale Attacks in IoT Environment	CICIoT2023	0.88	0.00	96	jorvredeveld/CICIoT2023-2	https://github.com/jorvredeveld/CICIoT2023-2	CICIoT2023 is a comprehensive real-time dataset and benchmark designed to assess large-scale attacks within the IoT ecosystem.	title_overlap_0.88_method_match		ciciot2023,real,dataset,benchmark,large,scale,attacks	
136	FastTraffic: A lightweight method for encrypted traffic fast classification	FastTraffic	1.00	0.00	108	JieCaoSec/FastTraffic	https://github.com/JieCaoSec/FastTraffic	The repository of FastTraffic, A lightweight method for encrypted traffic fast classification.	title_overlap_1.00_method_match		fasttraffic,lightweight,fast	
136	FastTraffic: A lightweight method for encrypted traffic fast classification	FastTraffic	0.00	0.67	108	MaHaoxuantb/FastTraffic	https://github.com/MaHaoxuantb/FastTraffic	The iOS app for FastTraffic (consumers side)		readme_title_overlap_0.67	fasttraffic,fast	https://raw.githubusercontent.com/MaHaoxuantb/FastTraffic/HEAD/README.md
136	FastTraffic: A lightweight method for encrypted traffic fast classification	FastTraffic	0.00	0.67	108	NewBrandSTONE/FastTraffic	https://github.com/NewBrandSTONE/FastTraffic	基础框架		readme_title_overlap_0.67	fasttraffic,fast	https://raw.githubusercontent.com/NewBrandSTONE/FastTraffic/HEAD/README.md
136	FastTraffic: A lightweight method for encrypted traffic fast classification	FastTraffic	0.00	0.67	108	SharkDoll27/Fasttraffic	https://github.com/SharkDoll27/Fasttraffic			readme_title_overlap_0.67	fasttraffic,fast	
136	FastTraffic: A lightweight method for encrypted traffic fast classification	FastTraffic	0.00	0.67	96	EricSchles/fastTraffickingGrab	https://github.com/EricSchles/fastTraffickingGrab	A faster scraper		readme_title_overlap_0.67	fasttraffic,fast	https://raw.githubusercontent.com/EricSchles/fastTraffickingGrab/HEAD/README.md
136	FastTraffic: A lightweight method for encrypted traffic fast classification	FastTraffic	0.00	0.67	96	MaHaoxuantb/FastTrafficIOT	https://github.com/MaHaoxuantb/FastTrafficIOT	The IOT server for FastTraffic project		readme_title_overlap_0.67	fasttraffic,fast	https://raw.githubusercontent.com/MaHaoxuantb/FastTrafficIOT/HEAD/README.md
136	FastTraffic: A lightweight method for encrypted traffic fast classification	FastTraffic	0.00	0.67	96	sofiasaade/fasttraffic-solutions	https://github.com/sofiasaade/fasttraffic-solutions	field opperations app 		readme_title_overlap_0.67	fasttraffic,fast	https://raw.githubusercontent.com/sofiasaade/fasttraffic-solutions/HEAD/README.md
152	TFE-GNN: A Temporal Fusion Encoder Using Graph Neural Networks for Fine-grained Encrypted Traffic Classification	TFE-GNN	1.00	0.00	108	ViktorAxelsen/TFE-GNN	https://github.com/ViktorAxelsen/TFE-GNN	[WWW'23] TFE-GNN: A Temporal Fusion Encoder Using Graph Neural Networks for Fine-grained Encrypted Traffic Classification	title_overlap_1.00_method_match		temporal,fusion,encoder,networks,fine,grained	
176	ARISE: Graph Anomaly Detection on Attributed Networks via Substructure Awareness	ARISE	1.00	0.00	113	FelixDJC/ARISE	https://github.com/FelixDJC/ARISE	An official source code for paper "ARISE: Graph Anomaly Detection on Attributed Networks via Substructure Awareness", accepted by IEEE TNNLS.	title_overlap_1.00_method_match		arise,attributed,networks,substructure,awareness	
211	ECNet: Robust Malicious Network Traffic Detection With Multi-View Feature and Confidence Mechanism	ECNet	0.00	1.00	100	Shining20183/ECNet	https://github.com/Shining20183/ECNet			title_string_in_readme;readme_title_overlap_1.00	ecnet,malicious,view,feature,confidence,mechanism	https://raw.githubusercontent.com/Shining20183/ECNet/HEAD/README.md
211	ECNet: Robust Malicious Network Traffic Detection With Multi-View Feature and Confidence Mechanism	ECNet	0.00	0.50	100	Yizhou-Li-CV/ECNet	https://github.com/Yizhou-Li-CV/ECNet			partial_readme_title_overlap_0.50	ecnet,view,feature	https://raw.githubusercontent.com/Yizhou-Li-CV/ECNet/HEAD/README.md
211	ECNet: Robust Malicious Network Traffic Detection With Multi-View Feature and Confidence Mechanism	ECNet	0.00	0.50	100	ecrl/ecnet	https://github.com/ecrl/ecnet	QSPR-based machine learning for fuel property prediction		partial_readme_title_overlap_0.50	ecnet,view,feature	https://raw.githubusercontent.com/ecrl/ecnet/HEAD/README.md
211	ECNet: Robust Malicious Network Traffic Detection With Multi-View Feature and Confidence Mechanism	ECNet	0.00	0.50	100	luoyunan/ECNet	https://github.com/luoyunan/ECNet	An evolutionary context-integrated deep learning framework for protein engineering		partial_readme_title_overlap_0.50	ecnet,view,feature	https://raw.githubusercontent.com/luoyunan/ECNet/HEAD/README.md
319	UAC-AD: Unsupervised Adversarial Contrastive Learning for Anomaly Detection on Multi-Modal Data in Microservice Systems	UAC-AD	0.50	0.00	113	lhysgithub/UAC-AD	https://github.com/lhysgithub/UAC-AD	Source code for the paper "UAC-AD: Unsupervised Adversarial Contrastive Learning for Anomaly Detection on Multi-source Data"	partial_title_overlap_0.50_strong_code_desc		unsupervised,adversarial,contrastive	
426	FALL: Prior Failure Detection in Large Scale System Based on Language Model	FALL	0.00	0.50	95	matklad/fall	https://github.com/matklad/fall			partial_readme_title_overlap_0.50	fall,large,language	https://raw.githubusercontent.com/matklad/fall/HEAD/README.md
430	FeCoGraph: Label-Aware Federated Graph Contrastive Learning for Few-Shot Network Intrusion Detection	FeCoGraph	1.00	0.00	113	MaoPopovich/FeCoGraph	https://github.com/MaoPopovich/FeCoGraph	The Official Implementation of "FeCoGraph: Label-Aware Federated Graph Contrastive Learning for Few-Shot Network Intrusion Detection" (TIFS 2025)	title_overlap_1.00_method_match		fecograph,label,aware,federated,contrastive,shot	
444	FIR-GNN: A Graph Neural Network Using Flow Interaction Relationships for Intrusion Detection of Consumer Electronics in Smart Home Network	FIR-GNN	0.00	1.00	100	Hafizh28/FIR-GNN	https://github.com/Hafizh28/FIR-GNN			doi_in_readme;title_string_in_readme;readme_title_overlap_1.00	flow,interaction,relationships,consumer,electronics,smart,home	https://raw.githubusercontent.com/Hafizh28/FIR-GNN/HEAD/README.md
444	FIR-GNN: A Graph Neural Network Using Flow Interaction Relationships for Intrusion Detection of Consumer Electronics in Smart Home Network	FIR-GNN	0.00	1.00	100	MengyiFu/FIR-GNN	https://github.com/MengyiFu/FIR-GNN			doi_in_readme;title_string_in_readme;readme_title_overlap_1.00	flow,interaction,relationships,consumer,electronics,smart,home	https://raw.githubusercontent.com/MengyiFu/FIR-GNN/HEAD/README.md
456	GT-HAD: Gated Transformer for Hyperspectral Anomaly Detection	GT-HAD	1.00	0.00	108	NanWangAC/GT-HAD	https://github.com/NanWangAC/GT-HAD	Gated Transformer for Hyperspectral Anomaly Detection	title_overlap_1.00_method_match		gated,transformer,hyperspectral	
456	GT-HAD: Gated Transformer for Hyperspectral Anomaly Detection	GT-HAD	1.00	0.00	108	jeline0110/GT-HAD	https://github.com/jeline0110/GT-HAD	Gated Transformer for Hyperspectral Anomaly Detection	title_overlap_1.00_method_match		gated,transformer,hyperspectral	
461	Hawkeye: Diagnosing RDMA Network Performance Anomalies with PFC Provenance	Hawkeye	0.00	1.00	100	wangshicheng1225/Hawkeye	https://github.com/wangshicheng1225/Hawkeye			title_string_in_readme;readme_title_overlap_1.00	hawkeye,diagnosing,rdma,performance,anomalies,provenance	https://raw.githubusercontent.com/wangshicheng1225/Hawkeye/HEAD/README.md
486	MGCL: Multiorder Graph Neural Network With Cross-Learning for Multivariate Time-Series Anomaly Detection	MGCL	0.00	0.50	100	kangliu1225/MGCL	https://github.com/kangliu1225/MGCL	The complete codes of the paper "Multimodal Graph Contrastive Learning for Recommendation"		partial_readme_title_overlap_0.50	mgcl,cross	https://raw.githubusercontent.com/kangliu1225/MGCL/HEAD/README.md
487	MIETT: Multi-Instance Encrypted Traffic Transformer for Encrypted Traffic Classification	MIETT	0.00	1.00	100	Secilia-Cxy/MIETT	https://github.com/Secilia-Cxy/MIETT			title_string_in_readme;readme_title_overlap_1.00	miett,instance,transformer	https://raw.githubusercontent.com/Secilia-Cxy/MIETT/HEAD/README.md
503	NTLFlowLyzer: Towards generating an intrusion detection dataset and intruders behavior profiling through network and transport layers traffic analysis and pattern extraction	NTLFlowLyzer	0.00	1.00	100	ahlashkari/NTLFlowLyzer	https://github.com/ahlashkari/NTLFlowLyzer			doi_in_readme;title_string_in_readme;readme_title_overlap_1.00	ntlflowlyzer,towards,generating,dataset,intruders,behavior,profiling,through,transport,layers,pattern,extraction	https://raw.githubusercontent.com/ahlashkari/NTLFlowLyzer/HEAD/README.md
506	PASTA : Neural Architecture Search for Anomaly Detection in Multivariate Time Series	PASTA	0.00	0.50	100	LWHYC/PASTA	https://github.com/LWHYC/PASTA	Pan-Tumor Radiology Foundation Model Utilizing Synthetic Training Data for Advanced Oncological Insights		partial_readme_title_overlap_0.50	pasta,search	https://raw.githubusercontent.com/LWHYC/PASTA/HEAD/README.md
506	PASTA : Neural Architecture Search for Anomaly Detection in Multivariate Time Series	PASTA	0.00	0.50	100	MARVserver/pasta	https://github.com/MARVserver/pasta	FoliaPhantom		partial_readme_title_overlap_0.50	pasta,architecture	https://raw.githubusercontent.com/MARVserver/pasta/HEAD/README.md
506	PASTA : Neural Architecture Search for Anomaly Detection in Multivariate Time Series	PASTA	0.00	0.50	100	lfd/PaStA	https://github.com/lfd/PaStA	The Patch Stack Analysis		partial_readme_title_overlap_0.50	pasta,search	https://raw.githubusercontent.com/lfd/PaStA/HEAD/README.md
506	PASTA : Neural Architecture Search for Anomaly Detection in Multivariate Time Series	PASTA	0.00	0.50	100	zcash/pasta	https://github.com/zcash/pasta	Generator and supporting evidence for security of the Pallas/Vesta pair of elliptic curves suitable for Halo		partial_readme_title_overlap_0.50	pasta,search	https://raw.githubusercontent.com/zcash/pasta/HEAD/README.md
506	PASTA : Neural Architecture Search for Anomaly Detection in Multivariate Time Series	PASTA	0.00	0.50	100	zelinzhao/pasta	https://github.com/zelinzhao/pasta			partial_readme_title_overlap_0.50	pasta,search	https://raw.githubusercontent.com/zelinzhao/pasta/HEAD/README.md
526	Robustifying ML-powered Network Classifiers with PANTS	PANTS	1.00	0.00	108	jinminhao/PANTS	https://github.com/jinminhao/PANTS	[Usenix Security '25] Robustifying ML-powered Network Classifiers with PANTS	title_overlap_1.00_method_match		robustifying,powered,classifiers,pants	
545	SENTINEL: Insider Threat Detection Based on Multi-Timescale User Behavior Interaction Graph Learning	SENTINEL	0.00	0.57	100	mcmonkeyprojects/Sentinel	https://github.com/mcmonkeyprojects/Sentinel	Combat NPCs for Spigot!		partial_readme_title_overlap_0.57	sentinel,threat,user,behavior	https://raw.githubusercontent.com/mcmonkeyprojects/Sentinel/HEAD/README.md
626	CELLSHIFT: RTT-Aware Trace Transduction for Real-World Website Fingerprinting	CELLSHIFT	0.00	1.00	100	robgjansen/cellshift	https://github.com/robgjansen/cellshift	A utility to transduce Tor exit cell traces into entry cell traces.		title_string_in_readme;readme_title_overlap_1.00	cellshift,aware,trace,transduction,real,world,website,fingerprinting	https://raw.githubusercontent.com/robgjansen/cellshift/HEAD/README.md
638	DALAD: Unsupervised Detection of Global and Local Anomalies in Microservice Systems	DALAD	0.00	1.00	105	intse/DALAD	https://github.com/intse/DALAD	The source code and datasets of DALAD for anomaly detection in microservice systems.		title_string_in_readme;readme_title_overlap_1.00	dalad,unsupervised,global,local,anomalies,microservice,systems	https://raw.githubusercontent.com/intse/DALAD/HEAD/README.md
671	EO-EPTC: End-to-End Original Traffic-Based Encrypted Proxy Traffic Classification Framework	EO-EPTC	1.00	0.00	113	ygchen1/eo-eptc	https://github.com/ygchen1/eo-eptc	Implementation of “EO-EPTC: End-to-End Original Traffic-Based Encrypted Proxy Traffic Classification Framework”	title_overlap_1.00_method_match		eptc,original,proxy	
671	EO-EPTC: End-to-End Original Traffic-Based Encrypted Proxy Traffic Classification Framework	EO-EPTC	1.00	0.00	108	wzujhj/EO-EPTC	https://github.com/wzujhj/EO-EPTC	EO-EPTC: End-to-End Original  Traffic-based Encrypted Proxy Traffic Classification Framework	title_overlap_1.00_method_match		eptc,original,proxy	
686	FlowXpert: Context-Aware Flow Embedding for Enhanced Traffic Detection in IoT Network	FlowXpert	0.00	0.50	100	Rohan704/flowxpert	https://github.com/Rohan704/flowxpert			partial_readme_title_overlap_0.50	flowxpert,context,flow	https://raw.githubusercontent.com/Rohan704/flowxpert/HEAD/README.md
767	NOVA: A Self-Supervised Graph Framework for Real-Time Anomaly Detection in Internet of Vehicles	NOVA	0.00	0.75	95	trynova/nova	https://github.com/trynova/nova	JS engine lolz		readme_title_overlap_0.75	nova,real,internet	https://raw.githubusercontent.com/trynova/nova/HEAD/README.md
767	NOVA: A Self-Supervised Graph Framework for Real-Time Anomaly Detection in Internet of Vehicles	NOVA	0.00	0.50	100	kylewray/nova	https://github.com/kylewray/nova	CUDA optimized code for solving MDPs, POMDPs, and Dec-POMDPs.		partial_readme_title_overlap_0.50	nova,real	https://raw.githubusercontent.com/kylewray/nova/HEAD/README.md
767	NOVA: A Self-Supervised Graph Framework for Real-Time Anomaly Detection in Internet of Vehicles	NOVA	0.00	0.50	95	ambr0sial/nova	https://github.com/ambr0sial/nova	Click, watch, enjoy.		partial_readme_title_overlap_0.50	nova,real	https://raw.githubusercontent.com/ambr0sial/nova/HEAD/README.md
767	NOVA: A Self-Supervised Graph Framework for Real-Time Anomaly Detection in Internet of Vehicles	NOVA	0.00	0.50	95	microsoft/Nova	https://github.com/microsoft/Nova	Nova: High-speed recursive zero-knowledge arguments from folding schemes		partial_readme_title_overlap_0.50	nova,real	https://raw.githubusercontent.com/microsoft/Nova/HEAD/README.md
781	REAPER: Real-Time Detection of Malicious Traffic via Deep Time-Series Embedding Analysis	REAPER	0.00	0.50	100	RepoReapers/reaper	https://github.com/RepoReapers/reaper	Calculate the score of a repository based on best engineering practices.		partial_readme_title_overlap_0.50	reaper,real	https://raw.githubusercontent.com/RepoReapers/reaper/HEAD/README.md
781	REAPER: Real-Time Detection of Malicious Traffic via Deep Time-Series Embedding Analysis	REAPER	0.00	0.50	100	brosck/Reaper	https://github.com/brosck/Reaper	「💀」Proof of concept on BYOVD attack		partial_readme_title_overlap_0.50	reaper,malicious	https://raw.githubusercontent.com/brosck/Reaper/HEAD/README.md
781	REAPER: Real-Time Detection of Malicious Traffic via Deep Time-Series Embedding Analysis	REAPER	0.00	0.50	100	koulaxizis/reaper	https://github.com/koulaxizis/reaper	My personal collection of presets for ReaPlugs & JS Effects		partial_readme_title_overlap_0.50	reaper,real	https://raw.githubusercontent.com/koulaxizis/reaper/HEAD/Readme.md
781	REAPER: Real-Time Detection of Malicious Traffic via Deep Time-Series Embedding Analysis	REAPER	0.00	0.50	100	leafac/reaper	https://github.com/leafac/reaper	Leandro Facchinetti’s REAPER effects and scripts		partial_readme_title_overlap_0.50	reaper,real	https://raw.githubusercontent.com/leafac/reaper/HEAD/README.md
806	SOFA: Service-Oriented Fine-Grained Attack Traffic Detection With Meta Learning	SOFA	0.00	0.57	95	antgroup/sofa	https://github.com/antgroup/sofa	SOFAStack™ (Scalable Open Financial Architecture Stack) is a collection of cloud native middleware components, which are designed to build distributed systems with high performance and reliability, and have been fully validated by mission-critical financial business scenarios.		partial_readme_title_overlap_0.57	sofa,service,oriented,meta	https://raw.githubusercontent.com/antgroup/sofa/HEAD/README.md
808	SParse: Semantic Tracking and Path Analysis for Attack Investigation in Real-Time	SParse	0.00	0.57	100	djspiewak/sparse	https://github.com/djspiewak/sparse	Generalized, incremental parser combinators for scalaz-stream		partial_readme_title_overlap_0.57	sparse,tracking,path,real	https://raw.githubusercontent.com/djspiewak/sparse/HEAD/README.md
821	Time Will Tell: Criss-Cross Transformer for Encrypted Traffic Analysis	Criss-cross Traffic Transformer	1.00	0.00	105	Amanda-HuaDing/Criss-cross_Traffic_Transformer	https://github.com/Amanda-HuaDing/Criss-cross_Traffic_Transformer	The official implementation of Time Will Tell: Criss-cross Transformer for Encrypted Traffic Analysis.	manual_known_repo;title_overlap_1.00_method_match		will,tell,criss,cross,transformer	
